<?xml version="1.0" encoding="UTF-8" ?>
<!DOCTYPE log4j:configuration SYSTEM "log4j.dtd">
<log4j:configuration xmlns:log4j="http://jakarta.apache.org/log4j/">
	<appender name="consoleAppender" class="org.apache.log4j.ConsoleAppender">
		<layout class="org.apache.log4j.PatternLayout">
			<param name="ConversionPattern" value="%-5r [%t] %-5p %c %x - %m%n" />
		</layout>
	</appender>

	<appender name="fileAppender" class="org.apache.log4j.RollingFileAppender">
		<param name="File" value="D:\\log.txt" />
		<param name="Append" value="true" />
		<param name="MaxFileSize" value="5000KB" />
		<layout class="org.apache.log4j.PatternLayout">
			<param name="ConversionPattern" value="%d{DATE} %-5p %-15c{1}: %m%n" />
		</layout>
	</appender>
	<root>
		<priority value="INFO" />
		<appender-ref ref="consoleAppender" />
		<appender-ref ref="fileAppender" />
	</root>
</log4j:configuration>