<?xml version="1.0" encoding="UTF-8"?>
<beans xmlns="http://www.springframework.org/schema/beans"
	xmlns:xsi="http://www.w3.org/2001/XMLSchema-instance"
	xmlns:context="http://www.springframework.org/schema/context"
	xmlns:mvc="http://www.springframework.org/schema/mvc"
	xmlns:p="http://www.springframework.org/schema/p"
	xsi:schemaLocation="http://www.springframework.org/schema/beans
	http://www.springframework.org/schema/beans/spring-beans-3.0.xsd
	http://www.springframework.org/schema/mvc
	http://www.springframework.org/schema/mvc/spring-mvc-3.0.xsd  	
	http://www.springframework.org/schema/context
	http://www.springframework.org/schema/context/spring-context-3.0.xsd">

	<bean id="employee" class="com.data.Employee" autowire="byType">
		<property name="empId" value="100"></property>
		<property name="empName" value="Salesforce"></property>
	<!-- <property name="address" ref="address"></property>  -->
	</bean>

	<bean id="address1" class="com.data.Address">
		<property name="city" value="Mumbai"></property>
		<property name="pincode" value="412888"></property>
	</bean>
<!-- 
	<bean id="address_const" class="com.data.Address">
		<constructor-arg value="Banglore"></constructor-arg>
		<constructor-arg value="8234556"></constructor-arg>
	</bean>
 -->
</beans>